{
    "rmse": 0.7038830162914371,
    "mae": 0.5393448525984175,
    "r2": 0.2471489125915035
}